OBJ.VEGOBJEKT-ID;EGS.BRUKSOMRÅDE.1256;EGS.SAKSNUMMER.1822;EGS.SØKNAD MOTTATT DATO.12048;EGS.ARKIVREFERANSE, URL.12050;EGS.VEDTAK.10670;EGS.VEDTAKSDATO.11444;EGS.TILLATELSE GJELDER TIL DATO.12049;EGS.TILLEGGSINFORMASJON.11566;EGS.EIER.7993;EGS.VEDLIKEHOLDSANSVARLIG.8056;EGS.GEOMETRI, PUNKT.4753;LOK.KOMMUNE;LOK.KOMMUNENUMMER;VSR.VEGSYSTEMREFERANSE;ÅDT, total;ÅDT, andel lange kjøretøy;Fartsgrense;Holdningsklasse;Funksjonsklasse;Avkjørsler;Trafikkulykker
715354924;Bolig;202443995-2;24.08.2024;https://trondelag.public360online.com/locator/DMS/Case/Details/Simplified/2?module=Case&subtype=2&recno=587942;Utvidet bruk;20.09.2024;20.09.2027;;Privat;Privat;;Trondheim;5001;FV704 S3D1 m3293;550;11;80;Lite streng;E - Lokale adkomstveger;11;1
722978050;Naust;202422872-5 ;19.11.2024;https://trondelag.public360online.com/locator/DMS/Case/Details/Simplified/2?module=Case&subtype=2&recno=566672;Midlertidig tillatelse;10.12.2024;01.01.2028;;;;;Trondheim;5001;FV6704 S1D1 m1284;293;7;60;Lite streng;E - Lokale adkomstveger;8;1
721931420;Bolig;202430101-2;28.05.2024;https://trondelag.public360online.com/locator/DMS/Case/Details/Simplified/2?module=Case&subtype=2&recno=573991;Midlertidig tillatelse;24.06.2024;01.05.2025;;Privat;Privat;;Trondheim;5001;FV6680 S1D1 m9981;1500;13;80;Streng;C - Lokale hovedveger;2;4
721291561;Forretning;202336362-6;07.01.2025;https://trondelag.public360online.com/locator/DMS/Case/Details/Simplified/2?module=Case&subtype=2&recno=509141;Midlertidig tillatelse;15.01.2025;30.11.2025;;;;;Trondheim;5001;FV6668 S1D1 m2123;15000;6;50;Streng;B - Regionale hovedveger;9;50
1022569040;Bolig;202521432;11.05.2025;https://trondelag.public360online.com/locator/DMS/Case/Details/Simplified/2?module=Case&subtype=2&recno=619381#;Varig tillatelse;14.05.2025;14.05.2028;;Privat;Privat;;Steinkjer;5006;FV763 S1D1 m2760;2980;12;80;Streng;C - Lokale hovedveger;5;8
616275849;Hytte;202450284-4;06.11.2024;https://trondelag.public360online.com/locator/DMS/Case/Details/Simplified/2?module=Case&subtype=2&recno=594308;Utvidet bruk;02.12.2024;02.12.2027;;Privat;Privat;;Frøya;5014;FV6472 S1D1 m3511;300;9;80;Lite streng;E - Lokale adkomstveger;6;0
616113050;Hytte;202523799;28.05.2025;https://trondelag.public360online.com/locator/DMS/Case/Details/Simplified/2?module=Case&subtype=2&recno=621778#;Utvidet bruk;11.06.2025;;;Privat;Privat;;Frøya;5014;FV6466 S1D20 m972;350;8;50;Lite streng;E - Lokale adkomstveger;15;0
601768701;Bolig;202437401-2;06.08.2024;https://trondelag.public360online.com/locator/DMS/Case/Details/Simplified/2?module=Case&subtype=2&recno=581347;Utvidet bruk;13.08.2024;13.08.2027;;Privat;Privat;;Røros;5025;FV31 S5D1 m4963;550;15;80;Streng;B - Regionale hovedveger;4;0
1022571587;Industri;202520887;26.04.2025;;Midlertidig tillatelse;13.05.2025;31.12.2026;;Privat;Privat;;Holtålen;5026;FV6542 S1D1 m65;600;15;50;Lite streng;E - Lokale adkomstveger;13;0
711294892;Gardsbruk;202507565-2 ;21.01.2025;https://trondelag.public360online.com/locator/DMS/Case/Details/Simplified/2?module=Case&subtype=2&recno=605443;Varig tillatelse;27.01.2025;27.01.2028;Denne avkjørselen skal saneres når ny er etablert. ;;;;Midtre Gauldal;5027;FV6560 S2D1 m6647;350;10;80;Mindre streng;D - Lokale samleveger;9;2
711294829;Gardsbruk;202437782-2;07.08.2024;https://trondelag.public360online.com/locator/DMS/Case/Details/Simplified/2?module=Case&subtype=2&recno=581728;Utvidet bruk;13.08.2024;13.08.2027;;Privat;Privat;;Midtre Gauldal;5027;FV6560 S2D1 m778;359;16;80;Mindre streng;D - Lokale samleveger;11;0
601255990;Gardsbruk;202432336-3;19.06.2024;https://trondelag.public360online.com/locator/DMS/Document/Details/Simplified/2?module=Document&subtype=2&recno=3120579&VerID=2934867;Utvidet bruk;12.08.2024;12.08.2027;;Privat;Privat;;Midtre Gauldal;5027;FV30 S5D1 m1052;1300;10;80;Streng;B - Regionale hovedveger;3;1
601256000;Skog/skogbruk;202448159-2;10.10.2024;https://trondelag.public360online.com/locator/DMS/Case/Details/Simplified/2?module=Case&subtype=2&recno=592157;Midlertidig tillatelse;29.10.2024;29.10.2027;Usikker på om denne avkjørselen er godkjent fra tidligere.;Privat;Privat;;Midtre Gauldal;5027;FV30 S5D1 m2915;1300;10;80;Streng;B - Regionale hovedveger;4;3
716506622;Bolig;202518851;15.04.2025;https://trondelag.public360online.com/locator/DMS/Case/Details/Simplified/2?module=Case&subtype=2&recno=616795#;Utvidet bruk;13.05.2025;13.05.2028;;Privat;Privat;;Melhus;5028;FV6594 S1D1 m4277;703;9;60;Streng;C - Lokale hovedveger;6;3
716024751;Bolig;202450592-2 ;12.11.2024;https://trondelag.public360online.com/locator/DMS/Case/Details/Simplified/2?module=Case&subtype=2&recno=594616;Utvidet bruk;26.11.2024;26.11.2027;;Privat;Privat;;Skaun;5029;FV708 S1D1 m8529;1630;9;50;;C - Lokale hovedveger;8;5
719345046;Bolig;202521572;14.05.2025;https://trondelag.public360online.com/locator/DMS/Case/Details/Simplified/2?module=Case&subtype=2&recno=619521;Utvidet bruk;15.05.2025;;;Privat;Privat;;Skaun;5029;FV6626 S1D1 m596;201;15;80;Lite streng;E - Lokale adkomstveger;14;1
719460568;Bolig;202453232-2;16.12.2024;https://trondelag.public360online.com/locator/DMS/Case/Details/Simplified/2?module=Case&subtype=2&recno=597297;Utvidet bruk;18.12.2024;18.12.2027;;Privat;Privat;;Skaun;5029;FV6634 S1D1 m1897;90;7;80;Lite streng;E - Lokale adkomstveger;8;1
719460568;Bolig;202453232-2;16.12.2024;https://trondelag.public360online.com/locator/DMS/Case/Details/Simplified/2?module=Case&subtype=2&recno=597297;Utvidet bruk;18.12.2024;18.12.2027;;Privat;Privat;;Skaun;5029;FV6634 S1D1 m1897;90;7;80;Lite streng;E - Lokale adkomstveger;8;1
1022607902;Hytte;;23.04.2025;https://trondelag.public360online.com/locator/DMS/Case/Details/Simplified/2?module=Case&subtype=2&recno=617065#;Avslag;29.04.2025;;;Privat;Privat;;Skaun;5029;FV800 S3D1 m1539;2500;8;70;Streng;C - Lokale hovedveger;8;10
1024479996;Industri;202118399;23.05.2025;https://trondelag.public360online.com/locator/DMS/Case/Details/Simplified/2?module=Case&subtype=2&recno=393862;Midlertidig tillatelse;10.06.2025;01.08.2027;;Privat;Privat;;Malvik;5031;FV6706 S1D1 m1905;1200;12;60;Streng;B - Regionale hovedveger;14;3
721319043;Gardsbruk;202527324;30.06.2025;https://trondelag.public360online.com/locator/DMS/Case/Details/Simplified/2?module=Case&subtype=2&recno=625355#;Utvidet bruk;14.07.2025;14.07.2028;;Privat;Privat;;Malvik;5031;FV6670 S1D1 m1878;600;10;50;Mindre streng;D - Lokale samleveger;23;0
1024479995;Industri;202118399;23.05.2025;https://trondelag.public360online.com/locator/DMS/Case/Details/Simplified/2?module=Case&subtype=2&recno=393862;Midlertidig tillatelse;10.06.2025;01.08.2027;;Privat;Privat;;Malvik;5031;FA6706 S1001D1 m193;;;;;;0;0
715901994;Dyrkamark/jordbruk;202444206-4;02.09.2024;https://trondelag.public360online.com/locator/DMS/Case/Details/Simplified/2?module=Case&subtype=2&recno=588153;Midlertidig tillatelse;08.11.2024;23.12.2024;Midlertidig endret bruk av avkjørselen. ;Privat;Privat;;Tydal;5033;FV705 S8D1 m5980;799;16;80;Streng;B - Regionale hovedveger;9;2
715901993;Skog/skogbruk;202444206-4;02.09.2024;https://trondelag.public360online.com/locator/DMS/Case/Details/Simplified/2?module=Case&subtype=2&recno=588153;Midlertidig tillatelse;08.11.2024;23.12.2024;Midlertidig endret bruk av avkjørselen. ;Privat;Privat;;Tydal;5033;FV705 S8D1 m5867;799;16;80;Streng;B - Regionale hovedveger;8;2
1024620199;Bolig;202524823;12.06.2025;https://trondelag.public360online.com/locator/DMS/Case/Details/Simplified/2?module=Case&subtype=2&recno=622819#;Utvidet bruk;09.07.2025;09.07.2028;;Privat;Privat;;Stjørdal;5035;FV6788 S2D1 m18;951;11;40;Lite streng;E - Lokale adkomstveger;8;0
718788016;Bolig;202510259-3;14.02.2025;https://trondelag.public360online.com/locator/DMS/Case/Details/Simplified/2?module=Case&subtype=2&recno=608151;Utvidet bruk;10.04.2025;10.04.2028;;Privat;Privat;;Indre Fosen;5054;FV718 S1D1 m4886;1560;10;60;Mindre streng;D - Lokale samleveger;21;4
615543130;Bolig;202131549-4 ;13.05.2024;https://trondelag.public360online.com/locator/DMS/Case/Details/Simplified/2?module=Case&subtype=2&recno=407094;Utvidet bruk;24.05.2024;24.05.2027;;Privat;Privat;;Hitra;5056;FV6448 S1D1 m5551;427;22;60;Lite streng;E - Lokale adkomstveger;10;1
607413153;Dyrkamark/jordbruk;202445172-2;10.09.2024;https://trondelag.public360online.com/locator/DMS/Case/Details/Simplified/2?module=Case&subtype=2&recno=589122;Varig tillatelse;18.09.2024;18.09.2027;;Privat;Privat;;Ørland;5057;FV6392 S1D1 m264;1690;9;60;Mindre streng;D - Lokale samleveger;10;3
607413228;Bolig;202424751-2;08.04.2024;https://trondelag.public360online.com/locator/DMS/Case/Details/Simplified/2?module=Case&subtype=2&recno=568555;Utvidet bruk;03.05.2024;03.05.2024;;Privat;Privat;;Ørland;5057;FV6392 S2D1 m840;550;10;60;Mindre streng;D - Lokale samleveger;10;5
608011038;Gardsbruk;202522248;21.05.2025;https://trondelag.public360online.com/locator/DMS/Document/Details/Simplified/2?module=Document&subtype=2&recno=3456061&VerID=3254109;Endret bruk;23.07.2025;28.11.2025;Tiltak: Midlertidig utvidelse og bruksendring av avkjørsel;Privat;Privat;;Ørland;5057;FV6406 S1D1 m4777;193;26;60;Mindre streng;D - Lokale samleveger;19;0
1022569230;Forretning;202519020;17.04.2025;https://trondelag.public360online.com/locator/DMS/Case/Details/Simplified/2?module=Case&subtype=2&recno=616964#;Avslag;09.05.2025;;;;;;Ørland;5057;FV6346 S1D1 m45;350;9;60;Lite streng;E - Lokale adkomstveger;3;0
604331057;Gardsbruk;202432190-2;17.06.2024;https://trondelag.public360online.com/locator/DMS/Case/Details/Simplified/2?module=Case&subtype=2&recno=576085;Utvidet bruk;27.11.2024;27.11.2027;;Privat;Privat;;Åfjord;5058;FV6328 S1D1 m2831;718;8;80;Lite streng;E - Lokale adkomstveger;4;2
600313582;Skog/skogbruk;202316503-4;14.08.2024;https://trondelag.public360online.com/locator/DMS/Case/Details/Simplified/2?module=Case&subtype=2&recno=489167;Midlertidig tillatelse;28.08.2024;01.09.2025;Midlertidig utvidet bruk ;Privat;Privat;;Åfjord;5058;FV6312 S1D1 m1793;300;11;80;Lite streng;E - Lokale adkomstveger;4;0
600313586;Bolig;202440621-2;14.08.2024;https://trondelag.public360online.com/locator/DMS/Case/Details/Simplified/2?module=Case&subtype=2&recno=584567;Utvidet bruk;30.08.2024;30.08.2027;;Privat;Privat;;Åfjord;5058;FV6312 S1D1 m3081;300;11;80;Lite streng;E - Lokale adkomstveger;11;0
619482490;Bolig;202518618-2 ;10.04.2025;https://trondelag.public360online.com/locator/DMS/Case/Details/Simplified/2?module=Case&subtype=2&recno=616546;Varig tillatelse;14.04.2025;14.04.2028;Denne avkjørselen skal saneres når ny er etablert. ;Privat;Privat;;Orkland;5059;FV6496 S1D1 m11578;450;11;80;Lite streng;E - Lokale adkomstveger;9;1
1022569329;Gardsbruk;202515765;18.03.2025;https://trondelag.public360online.com/locator/DMS/Case/Details/Simplified/2?module=Case&subtype=2&recno=613674#;Varig tillatelse;06.05.2025;06.05.2028;;Privat;Privat;;Orkland;5059;FV6434 S2D1 m9390;260;11;80;Lite streng;E - Lokale adkomstveger;9;0
1019267572;Gardsbruk;202430330-2;30.05.2024;https://trondelag.public360online.com/locator/DMS/Case/Details/Simplified/2?module=Case&subtype=2&recno=574220;Varig tillatelse;17.06.2024;17.06.2027;;Privat;Privat;POINT(273307.936 7021131.78);Trondheim;5001;FV704 S3D1 m4975;550;11;60;Lite streng;E - Lokale adkomstveger;8;1
1024549899;Industri;202519130;23.04.2025;https://trondelag.public360online.com/locator/DMS/Case/Details/Simplified/2?module=Case&subtype=2&recno=617074;Utvidet bruk;27.06.2025;27.06.2028;;Privat;Privat;POINT(275037.733 7029309.502);Trondheim;5001;FV6700 S1D1 m2437;800;7;50;Lite streng;E - Lokale adkomstveger;16;0
721931431;Dyrkamark/jordbruk;202432337-2;20.06.2024;https://trondelag.public360online.com/locator/DMS/Case/Details/Simplified/2?module=Case&subtype=2&recno=576232;Utvidet bruk;27.06.2024;27.06.2027;Utvidet bruk og endring/forbedring av avkjørselen.;Privat;Privat;POINT(273846.477 7029724.984);Trondheim;5001;FV6680 S2D1 m2267;1500;13;60;Streng;C - Lokale hovedveger;10;6
721931498;Dyrkamark/jordbruk;202408113-2    ;29.01.2024;https://trondelag.public360online.com/locator/DMS/Case/Details/Simplified/2?module=Case&subtype=2&recno=551818;Midlertidig tillatelse;06.02.2024;01.07.2026;;Privat;Privat;POINT(273819.511 7030503.291);Trondheim;5001;FV6680 S2D1 m1406;1500;13;80;Streng;C - Lokale hovedveger;4;6
721935869;Bolig;202400303-2;02.01.2024;https://trondelag.public360online.com/locator/DMS/Case/Details/Simplified/2?module=Case&subtype=2&recno=543995;Utvidet bruk;16.01.2024;16.01.2027;;Privat;Privat;POINT(266084.295 7030733.901);Trondheim;5001;FV6682 S1D1 m1116;3300;8;60;Streng;B - Regionale hovedveger;14;4
1018726046;Service;202408113-2;29.01.2024;https://trondelag.public360online.com/locator/DMS/Case/Details/Simplified/2?module=Case&subtype=2&recno=551818;Midlertidig tillatelse;06.02.2024;01.07.2026;;Privat;Privat;POINT(273887.285 7030738.943);Trondheim;5001;FV6680 S2D1 m1161;1500;13;80;Streng;C - Lokale hovedveger;4;8
721509289;Bolig;202413031-2;13.03.2024;https://trondelag.public360online.com/locator/DMS/Case/Details/Simplified/2?module=Case&subtype=2&recno=556831;Endret bruk;26.03.2024;26.03.2027;;Privat;Privat;POINT(273279.046 7032005.302);Trondheim;5001;FV6674 S1D1 m2591;1100;7;40;Mindre streng;D - Lokale samleveger;13;2
721509283;Gardsbruk;202337959-4;05.04.2024;https://trondelag.public360online.com/locator/DMS/Case/Details/Simplified/2?module=Case&subtype=2&recno=510747;Midlertidig tillatelse;22.04.2024;01.06.2025;;Privat;Privat;POINT(272837.919 7032013.302);Trondheim;5001;FV6674 S1D1 m2131;1100;7;40;Mindre streng;D - Lokale samleveger;18;1
721724178;Bolig;202450216-2;06.11.2024;https://trondelag.public360online.com/locator/DMS/Case/Details/Simplified/2?module=Case&subtype=2&recno=594240;Utvidet bruk;18.11.2024;18.11.2027;;Privat;Privat;POINT(275589.876 7033292.657);Trondheim;5001;FV6678 S1D1 m5032;882;13;80;Mindre streng;D - Lokale samleveger;5;1
715957904;Bolig;202445856-2;19.09.2024;https://trondelag.public360online.com/locator/DMS/Case/Details/Simplified/2?module=Case&subtype=2&recno=589807;Endret bruk;07.10.2024;07.10.2027;;Privat;Privat;POINT(259399.613 7033502.979);Trondheim;5001;FV707 S2D1 m3483;2200;15;60;Streng;B - Regionale hovedveger;9;3
1019597851;Industri;202435492-2;18.07.2024;https://trondelag.public360online.com/locator/DMS/Case/Details/Simplified/2?module=Case&subtype=2&recno=579407;Midlertidig tillatelse;19.07.2024;30.09.2024;;;;POINT(268275.731 7034534.352);Trondheim;5001;FV6682 S1D1 m5851;2500;5;60;Streng;B - Regionale hovedveger;6;22
1019597852;Industri;202435492-2;18.07.2024;https://trondelag.public360online.com/locator/DMS/Case/Details/Simplified/2?module=Case&subtype=2&recno=579407;Midlertidig tillatelse;19.07.2024;30.09.2024;;;;POINT(268265.377 7034535.422);Trondheim;5001;FV6682 S1D1 m5851;2500;5;60;Streng;B - Regionale hovedveger;6;22
721130267;Bolig;202453260-2 ;13.12.2024;https://trondelag.public360online.com/locator/DMS/Case/Details/Simplified/2?module=Case&subtype=2&recno=597325;Utvidet bruk;02.01.2025;02.01.2028;;Privat;Privat;POINT(254066.954 7037144.117);Trondheim;5001;FV6652 S1D1 m8046;1300;8;60;Lite streng;E - Lokale adkomstveger;8;0
1019279230;Industri;202431832-2;12.06.2024;https://trondelag.public360online.com/locator/DMS/Case/Details/Simplified/2?module=Case&subtype=2&recno=575727;Midlertidig tillatelse;18.06.2024;12.07.2024;Midlertidig anleggs avkjørsel. ;Privat;Privat;POINT(271370.412 7041435.664);Trondheim;5001;FV6666 S1D1 m1798;7400;4;40;Streng;C - Lokale hovedveger;28;35
1021165690;Service;202448801-5;18.11.2024;https://trondelag.public360online.com/locator/DMS/Case/Details/Simplified/2?module=Case&subtype=2&recno=592799;Varig tillatelse;08.01.2025;08.01.2028;;;;POINT(272007.059 7043006.984);Trondheim;5001;FV6668 S1D1 m845 KD1 m46;;;50;;B - Regionale hovedveger;20;18
1019335076;Hytte;202431739-2;12.06.2024;https://trondelag.public360online.com/locator/DMS/Case/Details/Simplified/2?module=Case&subtype=2&recno=575634;Avslag;28.06.2024;28.06.2027;;;;POINT(290183.277 7087946.579);Steinkjer;5006;FV720 S7D1 m8123;120;19;80;Streng;B - Regionale hovedveger;3;1
1019227619;Skog/skogbruk;202430782-2;05.06.2024;https://trondelag.public360online.com/locator/DMS/Case/Details/Simplified/2?module=Case&subtype=2&recno=574673;Midlertidig tillatelse;06.06.2024;15.07.2024;;Privat;Privat;POINT(295013.523 7089932.037);Steinkjer;5006;FV720 S8D1 m3601;120;19;60;Streng;B - Regionale hovedveger;13;1
1015245593;Bolig;202440622-3;20.08.2024;https://trondelag.public360online.com/locator/DMS/Case/Details/Simplified/2?module=Case&subtype=2&recno=584568;Utvidet bruk;22.08.2024;22.08.2027;;Privat;Privat;POINT(333545.108 7095025.556);Steinkjer;5006;FV759 S3D1 m2783;600;15;60;Streng;C - Lokale hovedveger;7;0
1015245594;Bolig;202440622-3;20.08.2024;https://trondelag.public360online.com/locator/DMS/Case/Details/Simplified/2?module=Case&subtype=2&recno=584568;Varig tillatelse;22.08.2024;22.08.2027;Skal saneres. ;Privat;Privat;POINT(333571.426 7095095.241);Steinkjer;5006;FV759 S3D1 m2856;600;15;60;Streng;C - Lokale hovedveger;8;0
1015534110;Gardsbruk;202428974-2;09.05.2024;https://trondelag.public360online.com/locator/DMS/Case/Details/Simplified/2?module=Case&subtype=2&recno=572854;Varig tillatelse;24.05.2024;24.05.2027;Denne avkjørselen skal stenges, da vi har gitt tillatelse til å flytte avkjørselen litt nord-øst. ;Privat;Privat;POINT(339650.298 7103427.93);Steinkjer;5006;FV762 S3D1 m4155;523;11;40;Mindre streng;D - Lokale samleveger;7;0
1015534112;Gardsbruk;202428974-2;09.05.2024;https://trondelag.public360online.com/locator/DMS/Case/Details/Simplified/2?module=Case&subtype=2&recno=572854;Varig tillatelse;24.05.2024;24.05.2027;Flytting av avkjørsel, eksisterende skal stenges. ;Privat;Privat;POINT(339692.01 7103479.286);Steinkjer;5006;FV762 S3D1 m4221;523;11;40;Mindre streng;D - Lokale samleveger;7;0
1019308059;Bolig;202429833-2;22.05.2024;https://trondelag.public360online.com/locator/DMS/Case/Details/Simplified/2?module=Case&subtype=2&recno=573713;Varig tillatelse;21.06.2024;21.06.2027;;Privat;Privat;POINT(331338.012 7104918.462);Steinkjer;5006;FV6970 S1D1 m1115;400;8;30;Lite streng;E - Lokale adkomstveger;33;1
1022497014;Skog/skogbruk;202513686-2;14.03.2025;https://trondelag.public360online.com/locator/DMS/Case/Details/Simplified/2?module=Case&subtype=2&recno=611595;Varig tillatelse;18.03.2025;18.03.2028;;Privat;Privat;POINT(304972.252 7105162.183);Steinkjer;5006;FV6330 S6D1 m3035;260;10;80;Lite streng;E - Lokale adkomstveger;0;1
1015534426;Bolig;202510793-2;20.02.2025;https://trondelag.public360online.com/locator/DMS/Case/Details/Simplified/2?module=Case&subtype=2&recno=608687;Utvidet bruk;10.03.2025;10.03.2028;;Privat;Privat;POINT(334397.636 7107161.933);Steinkjer;5006;FV763 S1D1 m7609;1300;15;80;Streng;C - Lokale hovedveger;4;5
1014874163;Gardsbruk;202435437-2;17.07.2024;https://trondelag.public360online.com/locator/DMS/Case/Details/Simplified/2?module=Case&subtype=2&recno=579352;Utvidet bruk;18.07.2024;18.07.2027;;Privat;Privat;POINT(319788.269 7107956.412);Steinkjer;5006;FV6982 S2D1 m1859;450;15;80;Mindre streng;D - Lokale samleveger;6;0
1019733620;Bolig;202441735-2 ;18.08.2024;https://trondelag.public360online.com/locator/DMS/Case/Details/Simplified/2?module=Case&subtype=2&recno=585681;Avslag;21.08.2024;21.08.2027;;;;POINT(336210.636 7110538.584);Steinkjer;5006;FV6980 S1D1 m192;160;9;50;Lite streng;E - Lokale adkomstveger;17;0
1016026764;Gardsbruk;202422379-2;13.03.2024;https://trondelag.public360online.com/locator/DMS/Case/Details/Simplified/2?module=Case&subtype=2&recno=566179;Utvidet bruk;05.04.2024;05.04.2027;;Privat;Privat;POINT(331826.711 7118164.849);Steinkjer;5006;FV6996 S1D1 m9039;200;13;80;Lite streng;E - Lokale adkomstveger;7;0
1022499882;Skog/skogbruk;202513137-2;10.03.2025;https://trondelag.public360online.com/locator/DMS/Case/Details/Simplified/2?module=Case&subtype=2&recno=611041;Varig tillatelse;04.04.2025;04.04.2028;;Privat;Privat;POINT(337986.377 7119451.942);Steinkjer;5006;FV6994 S1D1 m6643;120;9;80;Lite streng;E - Lokale adkomstveger;4;0
1024620046;Skog/skogbruk;202525997;23.06.2025;https://trondelag.public360online.com/locator/DMS/Case/Details/Simplified/2?module=Case&subtype=2&recno=624007#;Varig tillatelse;08.07.2025;08.07.2028;;Privat;Privat;POINT(332171.417 7142368.89);Namsos;5007;FV7062 S1D1 m5801;548;14;80;Lite streng;E - Lokale adkomstveger;1;0
1024620849;Skog/skogbruk;202524395;09.06.2025;https://trondelag.public360online.com/locator/DMS/Case/Details/Simplified/2?module=Case&subtype=2&recno=622391#;Varig tillatelse;11.07.2025;11.07.2028;;Privat;Privat;POINT(310523.822 7150549.869);Namsos;5007;FV766 S3D1 m4710;625;12;80;Streng;C - Lokale hovedveger;3;1
1025232234;Bolig;202538087;25.08.2025;https://trondelag.public360online.com/locator/DMS/Case/Details/Simplified/2?module=Case&subtype=2&recno=636119#;Midlertidig tillatelse;09.09.2025;;Tillatelse fram til reguleringsplan er på plass. ;Privat;Privat;POINT(321895.401 7159957.115);Namsos;5007;FV7068 S1D1 m163;557;33;50;Lite streng;E - Lokale adkomstveger;12;1
1025232185;Bolig;202445272;11.09.2024;https://trondelag.public360online.com/locator/DMS/Case/Details/Simplified/2?module=Case&subtype=2&recno=589222#;Varig tillatelse;05.09.2025;05.09.2028;;Privat;Privat;POINT(334716.802 7160954.64);Namsos;5007;FV7066 S1D1 m834;300;9;60;Lite streng;E - Lokale adkomstveger;7;1
1025232213;Skog/skogbruk;202539131;29.08.2025;https://trondelag.public360online.com/locator/DMS/Case/Details/Simplified/2?module=Case&subtype=2&recno=637166#;Midlertidig tillatelse;08.09.2025;24.10.2025;;Privat;Privat;POINT(332187.392 7164178.982);Namsos;5007;FV769 S3D1 m1734;883;14;80;Streng;C - Lokale hovedveger;3;1
1016343874;Gardsbruk;202431822-2;13.06.2024;https://trondelag.public360online.com/locator/DMS/Case/Details/Simplified/2?module=Case&subtype=2&recno=575717;Utvidet bruk;03.07.2024;03.07.2027;;Privat;Privat;POINT(341274.302 7167252.592);Namsos;5007;FV7066 S2D1 m3636;200;9;80;Lite streng;E - Lokale adkomstveger;15;0
1024050683;Service;202522246;21.05.2025;https://trondelag.public360online.com/locator/DMS/Case/Details/Simplified/2?module=Case&subtype=2&recno=620195#;Varig tillatelse;05.06.2025;05.06.2028;;Privat;Privat;POINT(321005.624 7173319.1);Namsos;5007;FV7082 S1D10 m176;32;16;80;Lite streng;E - Lokale adkomstveger;6;0
1024619858;Dyrkamark/jordbruk;202525123;17.06.2025;https://trondelag.public360online.com/locator/DMS/Case/Details/Simplified/2?module=Case&subtype=2&recno=623119#;Varig tillatelse;04.07.2025;04.07.2028;;Privat;Privat;POINT(320992.504 7173508.176);Namsos;5007;FV7082 S1D1 m526;100;9;80;Lite streng;E - Lokale adkomstveger;7;0
615921561;Gardsbruk;202511140-3;24.02.2025;https://trondelag.public360online.com/locator/DMS/Case/Details/Simplified/2?module=Case&subtype=2&recno=609034;Utvidet bruk;21.03.2025;21.03.2028;;Privat;Privat;POINT(182560.47 7076501.77);Frøya;5014;FV6462 S1D1 m2349;200;22;50;Lite streng;E - Lokale adkomstveger;20;1
615921104;Bolig;202510877-2;21.02.2025;https://trondelag.public360online.com/locator/DMS/Case/Details/Simplified/2?module=Case&subtype=2&recno=608771;Endret bruk;14.03.2025;14.03.2028;;Privat;Privat;POINT(173711.553 7078244.487);Frøya;5014;FV6460 S2D1 m183;400;25;60;Lite streng;E - Lokale adkomstveger;11;1
1024052167;Bolig;202451687;19.05.2024;https://trondelag.public360online.com/locator/DMS/Case/Details/Simplified/2?module=Case&subtype=2&recno=595734#;Utvidet bruk;04.06.2025;04.06.2028;Gammel avkjøring, krysser GSV, skal stenges.;Privat;Privat;POINT(194838.313 7078803.587);Frøya;5014;FV714 S11D1 m8695;3700;8;50;Streng;B - Regionale hovedveger;4;2
718276538;Bolig;202525956;23.06.2025;https://trondelag.public360online.com/locator/DMS/Case/Details/Simplified/2?module=Case&subtype=2&recno=623966;Endret bruk;22.07.2025;22.07.2028;;Privat;Privat;POINT(182408.496 7079546.946);Frøya;5014;FV716 S3D1 m629;500;10;80;Mindre streng;D - Lokale samleveger;8;1
717399010;Bolig;202407942-2;22.01.2024;https://trondelag.public360online.com/locator/DMS/Case/Details/Simplified/2?module=Case&subtype=2&recno=551647;Endret bruk;22.02.2024;22.02.2027;;Privat;Privat;POINT(196054.449 7080152.102);Frøya;5014;FV714 S12D1 m1835;3700;8;70;Streng;B - Regionale hovedveger;9;5
1021976572;Industri;202451678-4;27.11.2024;https://trondelag.public360online.com/locator/DMS/Case/Details/Simplified/2?module=Case&subtype=2&recno=595725;Utvidet bruk;17.12.2024;17.12.2027;;Privat;Privat;POINT(197915.759 7085519.659);Frøya;5014;FV6476 S1D1 m3114;300;9;60;Lite streng;E - Lokale adkomstveger;7;1
718276408;Bolig;202539398;05.07.2025;https://trondelag.public360online.com/locator/DMS/Case/Details/Simplified/2?module=Case&subtype=2&recno=637433;Utvidet bruk;18.09.2025;;;Privat;Privat;POINT(191420.488 7086036.562);Frøya;5014;FV716 S1D1 m4471;651;8;60;Mindre streng;D - Lokale samleveger;10;12
718276409;Forretning;202526054;23.06.2025;https://trondelag.public360online.com/locator/DMS/Case/Details/Simplified/2?module=Case&subtype=2&recno=624064#;Utvidet bruk;30.06.2025;30.06.2028;;Privat;Privat;POINT(191371.59 7086050.873);Frøya;5014;FV716 S1D1 m4517;651;8;60;Mindre streng;D - Lokale samleveger;10;12
616112989;Bolig;202452414-11;30.12.2024;https://trondelag.public360online.com/locator/DMS/Case/Details/Simplified/2?module=Case&subtype=2&recno=596479;Varig tillatelse;31.03.2025;31.03.2028;;Privat;Privat;POINT(188109.448 7089331.071);Frøya;5014;FV6466 S1D1 m9328;450;8;50;Lite streng;E - Lokale adkomstveger;8;2
616206690;Service;202412783-2;07.03.2024;https://trondelag.public360online.com/locator/DMS/Case/Details/Simplified/2?module=Case&subtype=2&recno=556582;Varig tillatelse;18.03.2024;18.03.2027;;;;POINT(178726.758 7096163.418);Frøya;5014;FV6470 S3D1 m2848;80;9;30;Lite streng;E - Lokale adkomstveger;49;0
1022274500;Bolig;202506587-4;15.01.2025;https://trondelag.public360online.com/locator/DMS/Case/Details/Simplified/2?module=Case&subtype=2&recno=604465;Varig tillatelse;21.02.2025;21.02.2028;;Privat;Privat;POINT(178632.998 7096548.016);Frøya;5014;FV6470 S3D1 m3246;80;9;30;Lite streng;E - Lokale adkomstveger;33;0
1019482743;Hytte;202434848-2;04.07.2024;https://trondelag.public360online.com/locator/DMS/Case/Details/Simplified/2?module=Case&subtype=2&recno=578763;Varig tillatelse;11.07.2024;11.07.2027;;Privat;Privat;POINT(245269.104 6963454.785);Rennebu;5022;FV6510 S1D1 m4108;120;17;60;Lite streng;E - Lokale adkomstveger;16;1
708823890;Bolig;202445558-2;16.09.2024;https://trondelag.public360online.com/locator/DMS/Case/Details/Simplified/2?module=Case&subtype=2&recno=589509;Utvidet bruk;18.09.2024;16.09.2027;;Privat;Privat;POINT(308733.865 6941614.713);Røros;5025;FV6524 S1D1 m7458;243;12;60;Lite streng;E - Lokale adkomstveger;11;0
708823855;Bolig;202408502-2;01.02.2024;https://trondelag.public360online.com/locator/DMS/Case/Details/Simplified/2?module=Case&subtype=2&recno=552221;Utvidet bruk;02.02.2024;02.02.2027;;Privat;Privat;POINT(311252.442 6944681.158);Røros;5025;FV6524 S1D1 m3183;243;12;50;Lite streng;E - Lokale adkomstveger;10;2
601768567;Hytte;202431504;11.06.2024;https://trondelag.public360online.com/locator/DMS/Case/Details/Simplified/2?module=Case&subtype=2&recno=575399#;Utvidet bruk;18.08.2025;18.08.2028;;Privat;Privat;POINT(316047.411 6945347.233);Røros;5025;FV31 S2D1 m1574;612;17;80;Streng;B - Regionale hovedveger;12;3
601768724;Gardsbruk;202432954-2;23.06.2024;https://trondelag.public360online.com/locator/DMS/Case/Details/Simplified/2?module=Case&subtype=2&recno=576869;Utvidet bruk;28.06.2024;28.06.2027;;Privat;Privat;POINT(340065.03 6949943.177);Røros;5025;FV31 S6D1 m695;603;11;50;Streng;B - Regionale hovedveger;14;1
601256284;Hytte;202451971-2;28.11.2024;https://trondelag.public360online.com/locator/DMS/Case/Details/Simplified/2?module=Case&subtype=2&recno=596029;Utvidet bruk;02.12.2024;02.12.2027;;Privat;Privat;POINT(312433.955 6962472.107);Holtålen;5026;FV30 S10D1 m58;1480;27;80;Streng;B - Regionale hovedveger;7;1
1019089304;Service;202428141-2;26.04.2024;https://trondelag.public360online.com/locator/DMS/Case/Details/Simplified/2?module=Case&subtype=2&recno=571983;Midlertidig tillatelse;29.04.2024;29.06.2024;;Privat;Privat;POINT(312778.629 6963338.363);Holtålen;5026;FV30 S9D1 m10418;1480;27;80;Streng;B - Regionale hovedveger;3;1
601256275;Dyrkamark/jordbruk;202428141-2;26.04.2024;https://trondelag.public360online.com/locator/DMS/Case/Details/Simplified/2?module=Case&subtype=2&recno=571983;Midlertidig tillatelse;29.04.2024;29.06.2024;;Privat;Privat;POINT(312877.772 6964018.473);Holtålen;5026;FV30 S9D1 m9719;1480;27;70;Streng;B - Regionale hovedveger;12;2
1019750639;;202441103-2;15.08.2024;https://trondelag.public360online.com/locator/DMS/Case/Details/Simplified/2?module=Case&subtype=2&recno=585049;Varig tillatelse;30.08.2024;30.08.2027;;Privat;Privat;POINT(269122.226 6979120.961);Midtre Gauldal;5027;FV6556 S1D1 m1745;220;9;80;Lite streng;E - Lokale adkomstveger;8;0
711294888;Gardsbruk;202445264-3;12.09.2024;https://trondelag.public360online.com/locator/DMS/Case/Details/Simplified/2?module=Case&subtype=2&recno=589214;Utvidet bruk;17.09.2024;17.09.2027;;Privat;Privat;POINT(266471.355 6983338.897);Midtre Gauldal;5027;FV6560 S2D1 m6343;350;10;80;Mindre streng;D - Lokale samleveger;14;1
1022274845;Bolig;202507565-2 ;21.01.2025;https://trondelag.public360online.com/locator/DMS/Case/Details/Simplified/2?module=Case&subtype=2&recno=605443;Varig tillatelse;27.01.2025;27.01.2028;;Privat;Privat;POINT(266666.47 6983452.878);Midtre Gauldal;5027;FV6560 S2D1 m6568;350;10;80;Mindre streng;D - Lokale samleveger;10;2
1022274804;Skog/skogbruk;202507342-2;20.01.2025;https://trondelag.public360online.com/locator/DMS/Case/Details/Simplified/2?module=Case&subtype=2&recno=605220;Avslag;30.01.2025;30.01.2028;;Privat;Privat;POINT(264471.307 6985127.652);Midtre Gauldal;5027;FV6560 S2D1 m2616;359;16;80;Mindre streng;D - Lokale samleveger;11;2
1021982141;Bolig;202451505-3;22.11.2024;https://trondelag.public360online.com/locator/DMS/Case/Details/Simplified/2?module=Case&subtype=2&recno=595532;Varig tillatelse;20.01.2025;20.01.2028;;Privat;Privat;POINT(264420.839 6986685.509);Midtre Gauldal;5027;FV6560 S2D1 m1002;359;16;80;Mindre streng;D - Lokale samleveger;10;0
601255911;Bolig;202409655-2;12.02.2024;https://trondelag.public360online.com/locator/DMS/Case/Details/Simplified/2?module=Case&subtype=2&recno=553378;Utvidet bruk;13.02.2024;13.02.2027;;Privat;Privat;POINT(277446.63 6987653.629);Midtre Gauldal;5027;FV30 S3D1 m5919;1500;14;80;Streng;B - Regionale hovedveger;8;1
711295032;Dyrkamark/jordbruk;202443793-2;28.08.2024;https://trondelag.public360online.com/locator/DMS/Case/Details/Simplified/2?module=Case&subtype=2&recno=587740;Endret bruk;02.09.2024;02.09.2027;;Privat;Privat;POINT(271660.967 6987848.939);Midtre Gauldal;5027;FV6560 S4D1 m2072;244;13;80;Lite streng;E - Lokale adkomstveger;12;0
1021165598;Skog/skogbruk;202448159-2;10.10.2024;https://trondelag.public360online.com/locator/DMS/Case/Details/Simplified/2?module=Case&subtype=2&recno=592157;Midlertidig tillatelse;29.10.2024;29.10.2026;Skal saneres etter bruk. ;Privat;Privat;POINT(289708.687 6988010.643);Midtre Gauldal;5027;FV30 S5D1 m3095;1300;10;80;Streng;B - Regionale hovedveger;2;4
711635956;Hytte;202508189-2 ;24.01.2025;https://trondelag.public360online.com/locator/DMS/Case/Details/Simplified/2?module=Case&subtype=2&recno=606071;Endret bruk;31.01.2025;31.01.2028;;Privat;Privat;POINT(258209.484 6990527.636);Midtre Gauldal;5027;FV6568 S1D1 m3571;205;21;80;Lite streng;E - Lokale adkomstveger;12;1
711671065;Bolig;202424197-2;29.03.2024;https://trondelag.public360online.com/locator/DMS/Case/Details/Simplified/2?module=Case&subtype=2&recno=567997;Utvidet bruk;03.04.2024;03.04.2027;;Privat;Privat;POINT(258725.703 6993169.819);Midtre Gauldal;5027;FV6574 S1D1 m7312;100;10;80;Lite streng;E - Lokale adkomstveger;17;0
619169260;Bolig;202425779-2;12.04.2024;https://trondelag.public360online.com/locator/DMS/Case/Details/Simplified/2?module=Case&subtype=2&recno=569604;Endret bruk;15.04.2024;15.04.2027;;Privat;Privat;POINT(250793.449 7004343.78);Melhus;5028;FV6492 S2D1 m4111;492;7;80;Mindre streng;D - Lokale samleveger;8;2
1024535726;Industri;202525091;04.06.2025;https://trondelag.public360online.com/locator/DMS/Case/Details/Simplified/2?module=Case&subtype=2&recno=623087#;Midlertidig tillatelse;07.06.2025;31.10.2025;;Privat;Privat;POINT(259651.791 7006641.004);Melhus;5028;FV6492 S1D1 m136;1500;8;50;Mindre streng;D - Lokale samleveger;5;4
1024537123;Skole/Barnehage;202525270;18.06.2025;https://trondelag.public360online.com/locator/DMS/Case/Details/Simplified/2?module=Case&subtype=2&recno=623266#;Varig tillatelse;25.06.2025;25.06.2028;;Privat;Privat;POINT(246422.416 7008626.642);Melhus;5028;FV6492 S3D1 m2660;628;8;40;Mindre streng;D - Lokale samleveger;7;1
719070785;Bolig;202410477-2;18.02.2024;https://trondelag.public360online.com/locator/DMS/Case/Details/Simplified/2?module=Case&subtype=2&recno=554242;Utvidet bruk;28.02.2024;28.02.2027;;Privat;Privat;POINT(266993.149 7015854.976);Melhus;5028;FV6598 S1D1 m1664;300;7;50;Lite streng;E - Lokale adkomstveger;9;0
1025288609;Dyrkamark/jordbruk;202540333;09.09.2025;https://trondelag.public360online.com/locator/DMS/Document/Details/Simplified/2?module=Document&subtype=2&recno=3538069&VerID=3333874;;24.09.2025;01.01.2026;;Privat;Privat;POINT(266622.601 7016771.126);Melhus;5028;FV6594 S1D1 m3433;703;9;50;Streng;C - Lokale hovedveger;8;3
716506620;Skog/skogbruk;202540333;09.09.2025;https://trondelag.public360online.com/locator/DMS/Document/Details/Simplified/2?module=Document&subtype=2&recno=3538069&VerID=3333874;Midlertidig tillatelse;24.09.2025;01.01.2026;;Privat;Privat;POINT(266615.379 7016896.338);Melhus;5028;FV6594 S1D1 m3564;703;9;60;Streng;C - Lokale hovedveger;7;4
712146657;Bolig;202425670-2;11.04.2024;https://trondelag.public360online.com/locator/DMS/Case/Details/Simplified/2?module=Case&subtype=2&recno=569495;Utvidet bruk;15.04.2024;15.04.2027;;Privat;Privat;POINT(262674.723 7016934.446);Melhus;5028;FV6578 S1D1 m1718;109;8;60;Lite streng;E - Lokale adkomstveger;13;0
1019887680;Bolig;202443180-2;26.08.2024;https://trondelag.public360online.com/locator/DMS/Case/Details/Simplified/2?module=Case&subtype=2&recno=587126;Avslag;20.09.2024;20.09.2027;;;;POINT(263534.705 7023356.845);Melhus;5028;FV6612 S1D1 m1160;1110;16;40;Streng;C - Lokale hovedveger;12;7
716024770;Bolig;202409654-2;12.02.2024;https://trondelag.public360online.com/locator/DMS/Document/Details/Simplified/2?module=Document&subtype=2&recno=2939954&VerID=2752471;Endret bruk;14.02.2024;14.02.2027;;Privat;Privat;POINT(255559.23 7020847.402);Skaun;5029;FV708 S2D1 m2123;1630;9;50;Streng;C - Lokale hovedveger;6;9
719460544;Gardsbruk;202429778-2;22.05.2024;https://trondelag.public360online.com/locator/DMS/Case/Details/Simplified/2?module=Case&subtype=2&recno=573658;Utvidet bruk;28.06.2024;28.06.2027;;Privat;Privat;POINT(252042.976 7031117.177);Skaun;5029;FV6634 S1D1 m4622;707;10;50;Lite streng;E - Lokale adkomstveger;9;0
1024480013;Bolig;202524260;03.06.2025;https://trondelag.public360online.com/locator/DMS/Case/Details/Simplified/2?module=Case&subtype=2&recno=622256#;Utvidet bruk;12.06.2025;;;Privat;Privat;POINT(252860.611 7031977.622);Skaun;5029;FV6638 S1D1 m2754;679;6;50;Lite streng;E - Lokale adkomstveger;13;1
1018331967;;202518274-6;08.04.2025;https://trondelag.public360online.com/locator/DMS/Case/Details/Simplified/2?module=Case&subtype=2&recno=616202;Varig tillatelse;28.04.2025;28.04.2028;;Privat;Privat;POINT(252860.499 7031977.771);Skaun;5029;FV6638 S1D1 m2754;679;6;50;Lite streng;E - Lokale adkomstveger;13;1
719461991;Industri;202509642-2;11.02.2025;https://trondelag.public360online.com/locator/DMS/Case/Details/Simplified/2?module=Case&subtype=2&recno=607527;Utvidet bruk;24.02.2025;24.02.2028;;Privat;Privat;POINT(248782.463 7034186.258);Skaun;5029;FV800 S3D1 m5236;1200;9;60;Streng;C - Lokale hovedveger;13;13
1018462284;Service;202118123-11;19.12.2024;https://trondelag.public360online.com/locator/DMS/Case/Details/Simplified/2?module=Case&subtype=2&recno=393579;Midlertidig tillatelse;07.02.2025;31.01.2026;;;;POINT(282054.151 7039940.829);Malvik;5031;FV6706 S1D1 m1905;1200;12;60;Streng;B - Regionale hovedveger;14;3
1024479764;Industri;202118399;23.05.2025;https://trondelag.public360online.com/locator/DMS/Case/Details/Simplified/2?module=Case&subtype=2&recno=393862;Midlertidig tillatelse;10.06.2025;01.08.2027;;Stat, Nye Veier;Nye Veier;POINT(281709.222 7040046.681);Malvik;5031;FV6672 S2D1 m2556;655;4;80;Streng;C - Lokale hovedveger;12;1
721361571;Industri;202118399;23.05.2025;https://trondelag.public360online.com/locator/DMS/Case/Details/Simplified/2?module=Case&subtype=2&recno=393862;Midlertidig tillatelse;10.06.2025;01.08.2027;;Privat;Privat;POINT(281416.477 7040049.648);Malvik;5031;FV6672 S2D1 m2200;655;4;80;Streng;C - Lokale hovedveger;10;2
1024479975;Industri;202522039;19.05.2025;https://trondelag.public360online.com/locator/DMS/Case/Details/Simplified/2?module=Case&subtype=2&recno=619988;Midlertidig tillatelse;11.06.2025;01.08.2027;;Stat, Nye Veier;Nye Veier;POINT(281423.241 7040125.776);Malvik;5031;FV6672 S2D1 m2126;655;4;80;Streng;C - Lokale hovedveger;8;3
1018462277;Industri;202118123-11;19.12.2024;https://trondelag.public360online.com/locator/DMS/Case/Details/Simplified/2?module=Case&subtype=2&recno=393579;Midlertidig tillatelse;07.02.2025;31.01.2026;;;;POINT(282075.2 7040247.962);Malvik;5031;FV6706 S1D1 m1575;3100;10;60;Streng;B - Regionale hovedveger;16;3
1018462267;Industri;202118123-11;19.12.2024;https://trondelag.public360online.com/locator/DMS/Case/Details/Simplified/2?module=Case&subtype=2&recno=393579;Midlertidig tillatelse;07.02.2025;31.01.2026;;;;POINT(282064.538 7040251.104);Malvik;5031;FV6706 S1D1 m1578;3100;10;60;Streng;B - Regionale hovedveger;16;3
715416197;Bolig;202508734-4;02.02.2025;https://trondelag.public360online.com/locator/DMS/Case/Details/Simplified/2?module=Case&subtype=2&recno=606616;Varig tillatelse;14.04.2025;14.04.2028;Denne avkjørselen skal saneres når ny er etablert. ;Privat;Privat;POINT(302817.256 7018478.44);Selbu;5032;FV705 S4D1 m3188;2200;13;60;Streng;B - Regionale hovedveger;15;11
715416196;Bolig;202508734-4;02.02.2025;https://trondelag.public360online.com/locator/DMS/Case/Details/Simplified/2?module=Case&subtype=2&recno=606616;Varig tillatelse;14.04.2025;14.04.2028;Eksisterende avkjørsel skal saneres. ;Privat;Privat;POINT(302836.318 7018487.454);Selbu;5032;FV705 S4D1 m3168;2200;13;60;Streng;B - Regionale hovedveger;15;11
1024535560;Service;202518786;14.04.2025;https://trondelag.public360online.com/locator/DMS/Case/Details/Simplified/2?module=Case&subtype=2&recno=616730#;Varig tillatelse;17.06.2025;17.06.2028;;Privat;Privat;POINT(283832.646 7026479.574);Selbu;5032;FV6676 S1D1 m5656;260;9;80;Lite streng;E - Lokale adkomstveger;3;0
1025214826;Industri;202536555;20.08.2025;https://trondelag.public360online.com/locator/DMS/Document/Details/Simplified/2?module=Document&subtype=2&recno=3503203&VerID=3300676;Utvidet bruk;22.08.2025;;;Privat;Privat;POINT(342117.421 6979456.411);Tydal;5033;FV705 S12D1 m4060;400;15;50;Streng;B - Regionale hovedveger;9;0
1025288124;Industri;202539574;03.09.2025;https://trondelag.public360online.com/locator/DMS/Case/Details/Simplified/2?module=Case&subtype=2&recno=637609#;Midlertidig tillatelse;15.09.2025;15.09.2028;;Privat;Privat;POINT(330661.212 6994960.941);Tydal;5033;FV705 S9D1 m9581;799;16;50;Streng;B - Regionale hovedveger;16;2
1018715395;Skog/skogbruk;202344234-4;23.01.2024;https://trondelag.public360online.com/locator/DMS/Document/Details/Simplified/2?module=Document&subtype=2&recno=2927554&VerID=2739479;Varig tillatelse;01.02.2024;01.02.2027;;Privat;Privat;POINT(319348.863 6999982.948);Tydal;5033;FV705 S8D1 m3966;799;16;80;Streng;B - Regionale hovedveger;1;1
1019308425;Bolig;202432149-2;17.06.2024;https://trondelag.public360online.com/locator/DMS/Case/Details/Simplified/2?module=Case&subtype=2&recno=576044;Varig tillatelse;25.06.2024;25.06.2027;;Privat;Privat;POINT(340703.223 7022217.101);Meråker;5034;FV6774 S1D1 m1912;160;9;80;Lite streng;E - Lokale adkomstveger;4;0
1015585557;Bolig;201872074-10;15.01.2025;https://trondelag.public360online.com/locator/DMS/Case/Details/Simplified/2?module=Case&subtype=2&recno=275747;Utvidet bruk;26.02.2025;26.02.2028;;Privat;Privat;POINT(336983.032 7035964.155);Meråker;5034;FV6776 S1D1 m530;260;12;40;Lite streng;E - Lokale adkomstveger;4;4
1015589406;Bolig;202445702-2;17.09.2024;https://trondelag.public360online.com/locator/DMS/Case/Details/Simplified/2?module=Case&subtype=2&recno=589653;Varig tillatelse;27.09.2024;27.09.2027;Denne avkjørselen skal saneres når ny er etablert. ;;;POINT(338204.532 7036480.192);Meråker;5034;FV6778 S1D1 m244;400;9;50;Lite streng;E - Lokale adkomstveger;14;0
1019887878;Bolig;202445702-2;17.09.2024;https://trondelag.public360online.com/locator/DMS/Case/Details/Simplified/2?module=Case&subtype=2&recno=589653;Varig tillatelse;27.09.2024;27.09.2027;;Privat;Privat;POINT(338220.078 7036503.781);Meråker;5034;FV6778 S1D1 m215;400;9;50;Lite streng;E - Lokale adkomstveger;14;0
1015614262;Bolig;202518623;10.04.2025;https://trondelag.public360online.com/locator/DMS/Case/Details/Simplified/2?module=Case&subtype=2&recno=616551#;Utvidet bruk;01.07.2025;01.07.2028;;Privat;Privat;POINT(298363.256 7039534.032);Stjørdal;5035;FV6786 S1D1 m2508;437;15;60;Lite streng;E - Lokale adkomstveger;8;0
1021165641;Service;202450343-2;07.11.2024;https://trondelag.public360online.com/locator/DMS/Case/Details/Simplified/2?module=Case&subtype=2&recno=594367;Midlertidig tillatelse;11.11.2024;15.11.2026;;Privat;Privat;POINT(296093.069 7041703.258);Stjørdal;5035;FV950 S4D1 m2989 KD1 m199;1500;10;60;Streng;B - Regionale hovedveger;4;39
1015615252;Bolig;202412050-2;01.03.2024;https://trondelag.public360online.com/locator/DMS/Case/Details/Simplified/2?module=Case&subtype=2&recno=555849;Utvidet bruk;20.03.2024;20.03.2027;;Privat;Privat;POINT(297700.895 7041738.448);Stjørdal;5035;FV6788 S1D1 m1087;1500;8;50;Lite streng;E - Lokale adkomstveger;13;1
1015416774;Bolig;202217086-2, 202518155;07.04.2025;https://trondelag.public360online.com/locator/DMS/Document/Details/Simplified/2?module=Document&subtype=2&recno=2107459&VerID=1926952 , https://trondelag.public360online.com/locator/DMS/Case/Details/Simplified/2?module=Case&subtype=2&recno=616083;Utvidet bruk;09.05.2025;;;Privat;Privat;POINT(299726.388 7042071.113);Stjørdal;5035;FV6798 S1D1 m3080;1400;9;30;Lite streng;E - Lokale adkomstveger;35;1
1023139482;Gardsbruk;;05.05.2025;;Avslag;28.05.2025;;;;;POINT(299390.433 7042211.376);Stjørdal;5035;FV6798 S1D1 m2717;1400;9;30;Lite streng;E - Lokale adkomstveger;25;1
1015616964;Bolig;202344176-5 ;13.01.2025;https://trondelag.public360online.com/locator/DMS/Case/Details/Simplified/2?module=Case&subtype=2&recno=517041;Utvidet bruk;05.02.2025;05.02.2028;;Privat;Privat;POINT(306527.39 7042737.405);Stjørdal;5035;FV6788 S2D1 m1244;160;5;50;Lite streng;E - Lokale adkomstveger;9;1
1015969674;Bolig;202538769;28.08.2025;https://trondelag.public360online.com/locator/DMS/Case/Details/Simplified/2?module=Case&subtype=2&recno=636804#;Utvidet bruk;03.09.2025;;;Privat;Privat;POINT(303635.731 7045553.349);Stjørdal;5035;FV6794 S1D1 m2720;760;9;60;Lite streng;E - Lokale adkomstveger;10;0
1015979932;Bolig;202533389;06.08.2025;https://trondelag.public360online.com/locator/DMS/Document/Details/Simplified/2?module=Document&subtype=2&recno=3514505&VerID=3311639;Utvidet bruk;01.09.2025;01.09.2028;;Privat;Privat;POINT(293852.248 7046592.443);Stjørdal;5035;FV6810 S1D1 m2571;600;11;60;Lite streng;E - Lokale adkomstveger;7;1
1015986741;Gardsbruk;202506650-2;14.01.2025;https://trondelag.public360online.com/locator/DMS/Case/Details/Simplified/2?module=Case&subtype=2&recno=604528;Utvidet bruk;17.01.2025;17.01.2028;;Privat;Privat;POINT(290222.928 7046762.117);Stjørdal;5035;FV6810 S1D10 m783;260;8;50;Lite streng;E - Lokale adkomstveger;19;0
1019227327;Gardsbruk;202430135-2;27.05.2024;https://trondelag.public360online.com/locator/DMS/Case/Details/Simplified/2?module=Case&subtype=2&recno=574025;Varig tillatelse;06.06.2024;06.06.2027;;Privat;Privat;POINT(296600.176 7047006.086);Stjørdal;5035;FV6806 S2D1 m2439;653;6;60;Lite streng;E - Lokale adkomstveger;10;0
1015971195;Dyrkamark/jordbruk;202424575-2;04.04.2024;https://trondelag.public360online.com/locator/DMS/Case/Details/Simplified/2?module=Case&subtype=2&recno=568376;Utvidet bruk;04.06.2024;04.06.2027;;Privat;Privat;POINT(305171.8 7047108.09);Stjørdal;5035;FV6794 S1D1 m5036;760;9;60;Lite streng;E - Lokale adkomstveger;10;1
1016000745;Gardsbruk;202408107-2;25.01.2024;https://trondelag.public360online.com/locator/DMS/Case/Details/Simplified/2?module=Case&subtype=2&recno=551812;Utvidet bruk;02.02.2024;02.02.2027;;Privat;Privat;POINT(295995.38 7047890.104);Stjørdal;5035;FV6808 S1D1 m2597;500;15;80;Lite streng;E - Lokale adkomstveger;9;0
1015986865;Bolig;202536496;19.08.2025;https://trondelag.public360online.com/locator/DMS/Document/Details/Simplified/2?module=Document&subtype=2&recno=3509329&VerID=3306653;Utvidet bruk;27.08.2025;27.08.2028;;Privat;Privat;POINT(291241.243 7048945.053);Stjørdal;5035;FV6810 S1D1 m8760;440;10;60;Lite streng;E - Lokale adkomstveger;13;0
1016009240;Bolig;202428536-2;02.05.2024;https://trondelag.public360online.com/locator/DMS/Case/Details/Simplified/2?module=Case&subtype=2&recno=572382;Utvidet bruk;08.05.2024;08.05.2027;;Privat;Privat;POINT(293353.773 7049056.654);Stjørdal;5035;FV6812 S1D1 m4992;3200;11;40;Mindre streng;D - Lokale samleveger;11;5
1019085978;Bolig;202407922-3;25.01.2024;https://trondelag.public360online.com/locator/DMS/Case/Details/Simplified/2?module=Case&subtype=2&recno=551627;Utvidet bruk;25.04.2024;25.04.2027;;Privat;Privat;POINT(291117.896 7050102.725);Stjørdal;5035;FV6810 S1D1 m10291;400;11;60;Lite streng;E - Lokale adkomstveger;0;0
1022499811;Bolig;202517164-2;19.03.2025;https://trondelag.public360online.com/locator/DMS/Case/Details/Simplified/2?module=Case&subtype=2&recno=615092;Endret bruk;04.04.2025;04.04.2028;;Privat;Privat;POINT(303967.511 7050806.696);Stjørdal;5035;FV6816 S1D1 m11376;300;22;80;Lite streng;E - Lokale adkomstveger;0;0
1024480018;Industri;202523696;28.05.2025;https://trondelag.public360online.com/locator/DMS/Case/Details/Simplified/2?module=Case&subtype=2&recno=621675#;Midlertidig tillatelse;13.06.2025;13.06.2028;;Privat;Privat;POINT(292469.898 7051796.675);Stjørdal;5035;FV6814 S1D1 m6684;400;13;40;Lite streng;E - Lokale adkomstveger;12;0
1016030298;Gardsbruk;202452669-2 ;06.12.2024;https://trondelag.public360online.com/locator/DMS/Case/Details/Simplified/2?module=Case&subtype=2&recno=596734;Utvidet bruk;24.01.2025;24.01.2028;;Privat;Privat;POINT(284656.933 7054577.347);Frosta;5036;FV6830 S1D1 m1581;300;12;60;Lite streng;E - Lokale adkomstveger;14;0
1016030217;Gardsbruk;202403357-2;08.01.2024;https://trondelag.public360online.com/locator/DMS/Case/Details/Simplified/2?module=Case&subtype=2&recno=547049;Utvidet bruk;22.04.2024;22.04.2027;;Privat;Privat;POINT(286140.329 7056116.509);Frosta;5036;FV6828 S1D1 m752;300;9;80;Lite streng;E - Lokale adkomstveger;16;3
1018884272;Gardsbruk;202327538-4;19.02.2024;https://trondelag.public360online.com/locator/DMS/Case/Details/Simplified/2?module=Case&subtype=2&recno=500300;Utvidet bruk;21.02.2024;21.02.2027;;Privat;Privat;POINT(314802.207 7058323.495);Levanger;5037;FV6868 S1D1 m4522;280;9;80;Lite streng;E - Lokale adkomstveger;2;0
1016121109;Gardsbruk;202519063-2;09.04.2025;https://trondelag.public360online.com/locator/DMS/Case/Details/Simplified/2?module=Case&subtype=2&recno=617007;Varig tillatelse;24.04.2025;24.04.2028;Skal saneres når ny er utbedret. ;Privat;Privat;POINT(305497.862 7061722.323);Levanger;5037;FV6854 S1D1 m1381;500;10;50;Mindre streng;D - Lokale samleveger;12;0
1016121110;Gardsbruk;202519063-2;09.04.2025;https://trondelag.public360online.com/locator/DMS/Case/Details/Simplified/2?module=Case&subtype=2&recno=617007;Varig tillatelse;24.04.2025;24.04.2028;Skal saneres når ny avkjørsel er utbedret. ;Privat;Privat;POINT(305506.751 7061736.879);Levanger;5037;FV6854 S1D1 m1398;500;10;50;Mindre streng;D - Lokale samleveger;12;0
1022500010;Gardsbruk;202519063-2;09.04.2025;https://trondelag.public360online.com/locator/DMS/Case/Details/Simplified/2?module=Case&subtype=2&recno=617007;Varig tillatelse;24.04.2025;24.04.2028;To eldre avkjørsler skal saneres når denne er utbedret. ;Privat;Privat;POINT(305513.309 7061748.185);Levanger;5037;FV6854 S1D1 m1411;500;10;50;Mindre streng;D - Lokale samleveger;14;0
1016121144;Gardsbruk;202422917-2;21.03.2024;https://trondelag.public360online.com/locator/DMS/Case/Details/Simplified/2?module=Case&subtype=2&recno=566717;Utvidet bruk;04.04.2024;04.04.2027;;Privat;Privat;POINT(307150.839 7063539.271);Levanger;5037;FV6854 S1D1 m3912;500;10;80;Mindre streng;D - Lokale samleveger;13;1
1016010567;Gardsbruk;202400829-2 ;02.01.2024;https://trondelag.public360online.com/locator/DMS/Case/Details/Simplified/2?module=Case&subtype=2&recno=544521;Utvidet bruk;08.01.2024;08.01.2027;;Privat;Privat;POINT(304250.074 7068953.184);Levanger;5037;FV6818 S3D1 m370;800;10;50;Mindre streng;D - Lokale samleveger;12;1
1022274189;Bolig;202508156-2;21.12.2024;https://trondelag.public360online.com/locator/DMS/Case/Details/Simplified/2?module=Case&subtype=2&recno=606038;Utvidet bruk;03.03.2025;03.03.2028;;Privat;Privat;POINT(313018.632 7070402.915);Levanger;5037;FV6866 S1D1 m1335;2000;7;70;Lite streng;E - Lokale adkomstveger;11;0
1016263104;Bolig;202441955-2;20.08.2024;https://trondelag.public360online.com/locator/DMS/Case/Details/Simplified/2?module=Case&subtype=2&recno=585901;Utvidet bruk;12.09.2024;12.09.2027;;Privat;Privat;POINT(318581.32 7070574.651);Levanger;5037;FV6874 S1D1 m5605;1160;9;80;Lite streng;E - Lokale adkomstveger;8;1
1016264824;Gardsbruk;202440441-2;14.08.2024;https://trondelag.public360online.com/locator/DMS/Case/Details/Simplified/2?module=Case&subtype=2&recno=584387;Utvidet bruk;19.08.2024;19.08.2027;;Privat;Privat;POINT(318731.747 7073360.502);Levanger;5037;FV6876 S1D1 m1668;952;14;30;Lite streng;E - Lokale adkomstveger;10;1
1016260921;Bolig;202431249-2;11.06.2024;https://trondelag.public360online.com/locator/DMS/Case/Details/Simplified/2?module=Case&subtype=2&recno=575144;Utvidet bruk;28.06.2024;28.06.2027;;Privat;Privat;POINT(316407.849 7074189.847);Levanger;5037;FV6866 S2D1 m5062;4160;5;50;Mindre streng;D - Lokale samleveger;8;22
1016266255;Bolig;202507344-2 ;20.01.2025;https://trondelag.public360online.com/locator/DMS/Case/Details/Simplified/2?module=Case&subtype=2&recno=605222;Utvidet bruk;24.01.2025;24.01.2028;;Privat;Privat;POINT(322693.195 7075634.846);Levanger;5037;FV6888 S1D1 m4512;600;9;50;Lite streng;E - Lokale adkomstveger;12;0
1019887837;Bolig;202445266-2;12.09.2024;https://trondelag.public360online.com/locator/DMS/Case/Details/Simplified/2?module=Case&subtype=2&recno=589216;Varig tillatelse;24.09.2024;24.09.2027;;Privat;Privat;POINT(325362.283 7074737.355);Verdal;5038;FV6882 S1D1 m1478;450;9;80;Lite streng;E - Lokale adkomstveger;8;0
1016266074;Bolig;202445266-2;12.09.2024;https://trondelag.public360online.com/locator/DMS/Case/Details/Simplified/2?module=Case&subtype=2&recno=589216;Varig tillatelse;24.09.2024;24.09.2027;Denne avkjørselen skal saneres når ny er etablert. ;;;POINT(325359.873 7074751.26);Verdal;5038;FV6882 S1D1 m1463;450;9;80;Lite streng;E - Lokale adkomstveger;8;0
1016266502;Gardsbruk;202445611-2;17.09.2024;https://trondelag.public360online.com/locator/DMS/Case/Details/Simplified/2?module=Case&subtype=2&recno=589562;Utvidet bruk;20.09.2024;20.09.2027;;Privat;Privat;POINT(328270.425 7075257.77);Verdal;5038;FV6894 S1D1 m724;450;9;80;Lite streng;E - Lokale adkomstveger;6;1
1019191141;Service;202429258-2;14.05.2024;https://trondelag.public360online.com/locator/DMS/Case/Details/Simplified/2?module=Case&subtype=2&recno=573138;Midlertidig tillatelse;21.05.2024;30.06.2024;;Privat;Privat;POINT(325201.164 7075365.597);Verdal;5038;FV6882 S1D1 m597;450;9;50;Lite streng;E - Lokale adkomstveger;18;0
1019423283;Bolig;202422736-2 ;19.03.2024;https://trondelag.public360online.com/locator/DMS/Case/Details/Simplified/2?module=Case&subtype=2&recno=566536;Utvidet bruk;02.07.2024;02.07.2027;;Privat;Privat;POINT(330719.907 7078624.306);Verdal;5038;FV6902 S1D1 m23;500;8;40;Lite streng;E - Lokale adkomstveger;7;0
1019845204;Gardsbruk;202443992-2;30.08.2024;https://trondelag.public360online.com/locator/DMS/Case/Details/Simplified/2?module=Case&subtype=2&recno=587939;Varig tillatelse;05.09.2024;05.09.2027;;Privat;Privat;POINT(331010.925 7078777.639);Verdal;5038;FV6902 S1D1 m538;500;8;60;Lite streng;E - Lokale adkomstveger;11;0
1016274775;Gardsbruk;202443992-2;30.08.2024;https://trondelag.public360online.com/locator/DMS/Case/Details/Simplified/2?module=Case&subtype=2&recno=587939;Varig tillatelse;05.09.2024;05.09.2027;Denne avkjørselen skal saneres når ny er bygd. ;Privat;Privat;POINT(330957.126 7078796.399);Verdal;5038;FV6902 S1D1 m482;500;8;40;Lite streng;E - Lokale adkomstveger;12;0
1019423284;Bolig;202432335-2;19.06.2024;https://trondelag.public360online.com/locator/DMS/Case/Details/Simplified/2?module=Case&subtype=2&recno=576230;Varig tillatelse;03.07.2024;03.07.2027;Flytting av avkjørsel. ;Privat;Privat;POINT(329056.852 7078933.135);Verdal;5038;FV757 S1D1 m4698;4910;9;60;Streng;C - Lokale hovedveger;12;8
1015231452;Gardsbruk;202444439-2;04.09.2024;https://trondelag.public360online.com/locator/DMS/Case/Details/Simplified/2?module=Case&subtype=2&recno=588386;Utvidet bruk;06.09.2024;06.09.2027;;Privat;Privat;POINT(331578.931 7080318.881);Verdal;5038;FV759 S1D1 m1902;750;13;70;Streng;C - Lokale hovedveger;5;1
1016043606;Dyrkamark/jordbruk;202541399;19.09.2025;https://trondelag.public360online.com/locator/DMS/Case/Details/Simplified/2?module=Case&subtype=2&recno=639434#;Varig tillatelse;22.09.2025;22.09.2028;;Privat;Privat;POINT(376538.864 7127932.426);Snåsa;5041;FV7006 S1D1 m3964;300;9;80;Lite streng;E - Lokale adkomstveger;7;0
1025288532;Dyrkamark/jordbruk;202541399;19.09.2025;https://trondelag.public360online.com/locator/DMS/Case/Details/Simplified/2?module=Case&subtype=2&recno=639434#;Varig tillatelse;22.09.2025;22.09.2028;;Privat;Privat;POINT(377445.422 7128444.741);Snåsa;5041;FV7006 S1D1 m5020;300;9;80;Lite streng;E - Lokale adkomstveger;6;0
1016047399;Bolig;202528419;11.07.2025;https://trondelag.public360online.com/locator/DMS/Case/Details/Simplified/2?module=Case&subtype=2&recno=626450#;Varig tillatelse;18.08.2025;18.08.2028;Disp. fra byggegrense og flytting av avkjørsel;Privat;Privat;POINT(380201.041 7130194.447);Snåsa;5041;FV7006 S1D1 m8403;300;9;50;Lite streng;E - Lokale adkomstveger;31;2
1019425735;Hytte;202433338-2;24.06.2024;https://trondelag.public360online.com/locator/DMS/Case/Details/Simplified/2?module=Case&subtype=2&recno=577253;Varig tillatelse;08.07.2024;08.07.2027;;Privat;Privat;POINT(428401.967 7170839.815);Lierne;5042;FV7014 S1D1 m9430;20;15;80;Lite streng;E - Lokale adkomstveger;8;0
1021976558;Service;202451447-2;22.11.2024;https://trondelag.public360online.com/locator/DMS/Case/Details/Simplified/2?module=Case&subtype=2&recno=595474;Varig tillatelse;28.11.2024;28.11.2027;;Kommune;Kommune;POINT(431655.579 7196621.1);Røyrvik;5043;FV7016 S3D1 m13506;300;10;50;Mindre streng;D - Lokale samleveger;15;0
1018462336;Service;202510847-2;20.02.2025;https://trondelag.public360online.com/locator/DMS/Case/Details/Simplified/2?module=Case&subtype=2&recno=608741;Midlertidig tillatelse;24.02.2025;24.02.2028;;;;POINT(371184.18 7169908.276);Høylandet;5046;FV17 S15D1 m7388;1440;22;60;Meget streng;B - Regionale hovedveger;11;3
1015774201;Gardsbruk;202514919-2;17.03.2025;https://trondelag.public360online.com/locator/DMS/Case/Details/Simplified/2?module=Case&subtype=2&recno=612828;Utvidet bruk;21.03.2025;21.03.2028;;Privat;Privat;POINT(357072.824 7156651.264);Overhalla;5047;FV7058 S1D1 m485;260;9;30;Lite streng;E - Lokale adkomstveger;16;0
1025214880;Industri;202537520;21.08.2025;https://trondelag.public360online.com/locator/DMS/Document/Details/Simplified/2?module=Document&subtype=2&recno=3510455&VerID=3307705;Varig tillatelse;27.08.2025;27.08.2028;;Privat;Privat;POINT(352088.527 7221660.593);Leka;5052;FV771 S6D1 m3660;260;8;80;Mindre streng;D - Lokale samleveger;3;0
1016386654;Hytte;202451566-2;25.11.2024;https://trondelag.public360online.com/locator/DMS/Case/Details/Simplified/2?module=Case&subtype=2&recno=595601;Utvidet bruk;27.11.2024;27.11.2027;;Privat;Privat;POINT(342349.42 7224709.942);Leka;5052;FV7132 S1D1 m6446;100;9;60;Lite streng;E - Lokale adkomstveger;9;0
606517974;Bolig;202443987-2;30.08.2024;https://trondelag.public360online.com/locator/DMS/Case/Details/Simplified/2?module=Case&subtype=2&recno=587934;Varig tillatelse;27.09.2024;27.09.2027;Avkjørselen skal stenges når ny tas i bruk. ;Privat;Privat;POINT(251364.123 7050198.727);Indre Fosen;5054;FV6388 S1D1 m702;600;8;60;Lite streng;E - Lokale adkomstveger;14;0
606517972;Bolig;202443987-2;30.08.2024;https://trondelag.public360online.com/locator/DMS/Case/Details/Simplified/2?module=Case&subtype=2&recno=587934;Varig tillatelse;27.09.2024;27.09.2027;;Privat;Privat;POINT(251372.638 7050207.226);Indre Fosen;5054;FV6388 S1D1 m691;600;8;60;Lite streng;E - Lokale adkomstveger;14;0
1024620224;Bolig;202525132;17.06.2025;https://trondelag.public360online.com/locator/DMS/Case/Details/Simplified/2?module=Case&subtype=2&recno=623128#;Avslag;10.07.2025;;;Privat;Privat;POINT(252113.405 7051736.86);Indre Fosen;5054;FV6382 S1D1 m3064;800;8;60;Lite streng;E - Lokale adkomstveger;14;0
1024549946;Bolig;202521683;14.05.2025;https://trondelag.public360online.com/locator/DMS/Case/Details/Simplified/2?module=Case&subtype=2&recno=619632#;Utvidet bruk;25.06.2025;25.06.2028;;Privat;Privat;POINT(248884.689 7060203.621);Indre Fosen;5054;FV718 S1D1 m3927;3490;8;60;Streng;C - Lokale hovedveger;15;1
718986991;Bolig;202519439;23.04.2025;https://trondelag.public360online.com/locator/DMS/Case/Details/Simplified/2?module=Case&subtype=2&recno=617383;Utvidet bruk;27.06.2025;27.06.2028;;Privat;Privat;POINT(245191.941 7067175.75);Indre Fosen;5054;FV718 S2D1 m6944;670;9;80;Mindre streng;D - Lokale samleveger;5;1
1021991155;Bolig;202435839-3;23.07.2024;https://trondelag.public360online.com/locator/DMS/Case/Details/Simplified/2?module=Case&subtype=2&recno=579754;Varig tillatelse;21.01.2025;21.01.2028;Tidligere avkjørsel skal saneres.;Privat;Privat;POINT(244693.984 7067802.61);Indre Fosen;5054;FV718 S2D1 m8550;670;9;60;Mindre streng;D - Lokale samleveger;12;1
1021162869;;202445188-2;30.09.2024;https://trondelag.public360online.com/locator/DMS/Case/Details/Simplified/2?module=Case&subtype=2&recno=589138;Avslag;01.10.2024;01.10.2027;;;;POINT(289236.084 7071405.471);Indre Fosen;5054;FV6842 S1D1 m6432;188;8;80;Lite streng;E - Lokale adkomstveger;0;0
1024620271;Bolig;202523438;26.05.2025;https://trondelag.public360online.com/locator/DMS/Case/Details/Simplified/2?module=Case&subtype=2&recno=621417#;Varig tillatelse;10.07.2025;10.07.2028;;Privat;Privat;POINT(284116.91 7071960.423);Indre Fosen;5054;FV6836 S1D1 m7971;650;9;60;Lite streng;E - Lokale adkomstveger;3;0
1015772673;Bolig;202447288-2;01.10.2024;https://trondelag.public360online.com/locator/DMS/Case/Details/Simplified/2?module=Case&subtype=2&recno=591246;Utvidet bruk;29.10.2024;29.10.2027;;Privat;Privat;POINT(159765.006 7017328.584);Heim;5055;FV6176 S1D1 m6777;160;10;80;Mindre streng;D - Lokale samleveger;13;0
712226308;Bolig;202508358-2 ;30.01.2025;https://trondelag.public360online.com/locator/DMS/Case/Details/Simplified/2?module=Case&subtype=2&recno=606240;Utvidet bruk;18.02.2025;18.02.2028;;Privat;Privat;POINT(202887.082 7031744.595);Heim;5055;FV680 S16D1 m5826;3200;6;50;Streng;B - Regionale hovedveger;10;9
1022499972;Service;202517979-2;02.04.2025;https://trondelag.public360online.com/locator/DMS/Case/Details/Simplified/2?module=Case&subtype=2&recno=615907;Midlertidig tillatelse;16.04.2025;30.11.2025;;Privat;Privat;POINT(207170.012 7033442.537);Heim;5055;FV6436 S1D1 m637;400;9;80;Lite streng;E - Lokale adkomstveger;14;1
1022499995;Service;202517979-2 ;02.04.2025;https://trondelag.public360online.com/locator/DMS/Case/Details/Simplified/2?module=Case&subtype=2&recno=615907;Midlertidig tillatelse;16.04.2025;30.11.2025;;Privat;Privat;POINT(207136.996 7033489.279);Heim;5055;FV6436 S1D1 m579;400;9;80;Lite streng;E - Lokale adkomstveger;13;1
1022499998;Service;202517975-2;02.04.2025;https://trondelag.public360online.com/locator/DMS/Case/Details/Simplified/2?module=Case&subtype=2&recno=615903;Midlertidig tillatelse;16.04.2025;30.11.2025;;Privat;Privat;POINT(206947.642 7033932.731);Heim;5055;FV6432 S4D1 m4852;338;14;80;Mindre streng;D - Lokale samleveger;2;1
609138674;Bolig;202430831-2;07.06.2024;https://trondelag.public360online.com/locator/DMS/Case/Details/Simplified/2?module=Case&subtype=2&recno=574726;Utvidet bruk;11.06.2024;11.06.2027;;Privat;Privat;POINT(212576.841 7049727.046);Hitra;5056;FV6426 S1D1 m5767;260;9;80;Lite streng;E - Lokale adkomstveger;3;0
615536794;;202445265-2;11.09.2024;https://trondelag.public360online.com/locator/DMS/Case/Details/Simplified/2?module=Case&subtype=2&recno=589215;Varig tillatelse;24.09.2024;24.09.2027;;Privat;Privat;POINT(207187.081 7057691.816);Hitra;5056;FV6440 S1D1 m727;1300;11;50;Streng;C - Lokale hovedveger;25;3
615745687;Bolig;202536794;20.08.2025;https://trondelag.public360online.com/locator/DMS/Document/Details/Simplified/2?module=Document&subtype=2&recno=3521066&VerID=3317826;Varig tillatelse;17.09.2025;17.09.2028;;Privat;Privat;POINT(189145.1 7063855.657);Hitra;5056;FV6456 S2D1 m10222;100;9;80;Mindre streng;D - Lokale samleveger;12;0
1025288352;Skog/skogbruk;202536794;20.08.2025;https://trondelag.public360online.com/locator/DMS/Document/Details/Simplified/2?module=Document&subtype=2&recno=3521066&VerID=3317826;Avslag;17.09.2025;;;;;POINT(189156.333 7063863.134);Hitra;5056;FV6456 S2D1 m10228;100;9;80;Mindre streng;D - Lokale samleveger;12;0
1019037907;Skole/Barnehage;202409746-2;12.02.2024;https://trondelag.public360online.com/locator/DMS/Case/Details/Simplified/2?module=Case&subtype=2&recno=553488;Midlertidig tillatelse;04.04.2024;23.12.2025;;;;POINT(201481.719 7066794.792);Hitra;5056;FV714 S9D1 m5099 KD1 m51;;;50;;B - Regionale hovedveger;12;11
1019037730;Skole/Barnehage;202409746-2;12.02.2024;https://trondelag.public360online.com/locator/DMS/Case/Details/Simplified/2?module=Case&subtype=2&recno=553488;Midlertidig tillatelse;04.04.2024;23.12.2025;;;;POINT(201502.932 7066888.988);Hitra;5056;FV714 S9D1 m5191;2300;13;60;Streng;B - Regionale hovedveger;13;13
607705383;Gardsbruk;202522248;21.05.2025;https://trondelag.public360online.com/locator/DMS/Document/Details/Simplified/2?module=Document&subtype=2&recno=3456061&VerID=3254109;Midlertidig tillatelse;23.07.2025;;Alt. 1: Bygging av midlertidig anleggsveg mellom hus og ny midlertidig avkjørsel iht. skisse i søknad. Alt 2: Utvidelse av avkjørsel (FV6398 K S1D1 m4149);Privat;Privat;POINT(233306.73 7072055.151);Ørland;5057;FV6398 S1D1 m4149;300;8;60;Lite streng;E - Lokale adkomstveger;12;0
607716019;Gardsbruk;202522248;21.05.2025;https://trondelag.public360online.com/locator/DMS/Document/Details/Simplified/2?module=Document&subtype=2&recno=3456061&VerID=3254109;Endret bruk;23.07.2025;28.11.2025;Tiltak: Midlertidig utvidelse og bruksendring av avkjørsel;Privat;Privat;POINT(232657.671 7072335.689);Ørland;5057;FV6400 S1D1 m4066;1100;9;60;Mindre streng;D - Lokale samleveger;19;1
607716013;Gardsbruk;202522248;21.05.2025;https://trondelag.public360online.com/locator/DMS/Document/Details/Simplified/2?module=Document&subtype=2&recno=3456061&VerID=3254109;Endret bruk;23.07.2025;28.11.2025;Tiltak: Midlertidig utvidelse og bruksendring av avkjørsel;Privat;Privat;POINT(232706.38 7072483.319);Ørland;5057;FV6400 S1D1 m3912;1100;9;60;Mindre streng;D - Lokale samleveger;17;1
607716013;Gardsbruk;202522248;21.05.2025;https://trondelag.public360online.com/locator/DMS/Document/Details/Simplified/2?module=Document&subtype=2&recno=3456061&VerID=3254109;Endret bruk;23.07.2025;28.11.2025;Tiltak: Midlertidig utvidelse og bruksendring av avkjørsel;Privat;Privat;POINT(232706.38 7072483.319);Ørland;5057;FV6400 S1D1 m3912;1100;9;60;Mindre streng;D - Lokale samleveger;17;1
607717924;Gardsbruk;202522248;21.05.2025;https://trondelag.public360online.com/locator/DMS/Document/Details/Simplified/2?module=Document&subtype=2&recno=3456061&VerID=3254109;Endret bruk;23.07.2025;28.11.2025;Tiltak: Midlertidig utvidelse og bruksendring av avkjørsel;Privat;Privat;POINT(232769.879 7072720.667);Ørland;5057;FV6404 S1D1 m64;280;8;60;Lite streng;E - Lokale adkomstveger;13;0
607717924;Gardsbruk;202522248;21.05.2025;https://trondelag.public360online.com/locator/DMS/Document/Details/Simplified/2?module=Document&subtype=2&recno=3456061&VerID=3254109;Endret bruk;23.07.2025;28.11.2025;Tiltak: Midlertidig utvidelse og bruksendring av avkjørsel;Privat;Privat;POINT(232769.879 7072720.667);Ørland;5057;FV6404 S1D1 m64;280;8;60;Lite streng;E - Lokale adkomstveger;13;0
607716008;Gardsbruk;202522248;21.05.2025;https://trondelag.public360online.com/locator/DMS/Document/Details/Simplified/2?module=Document&subtype=2&recno=3456061&VerID=3254109;Endret bruk;23.07.2025;28.11.2025;Tiltak: Midlertidig utvidelse og bruksendring av avkjørsel;Privat;Privat;POINT(233274.572 7072813.248);Ørland;5057;FV6400 S1D1 m3198;1100;10;80;Mindre streng;D - Lokale samleveger;10;1
607716008;Gardsbruk;202522248;21.05.2025;https://trondelag.public360online.com/locator/DMS/Document/Details/Simplified/2?module=Document&subtype=2&recno=3456061&VerID=3254109;Endret bruk;23.07.2025;28.11.2025;Tiltak: Midlertidig utvidelse og bruksendring av avkjørsel;Privat;Privat;POINT(233274.572 7072813.248);Ørland;5057;FV6400 S1D1 m3198;1100;10;80;Mindre streng;D - Lokale samleveger;10;1
1025046588;Industri;202522248;21.05.2025;https://trondelag.public360online.com/locator/DMS/Document/Details/Simplified/2?module=Document&subtype=2&recno=3456061&VerID=3254109;Midlertidig tillatelse;23.07.2025;28.11.2025;Tiltak: Midlertidig avkjørsel for spesialtransport;Privat;Privat;POINT(236541.62 7073452.163);Ørland;5057;FV710 S8D1 m246;510;17;50;Streng;B - Regionale hovedveger;6;2
607717945;Gardsbruk;202522248;21.05.2025;https://trondelag.public360online.com/locator/DMS/Document/Details/Simplified/2?module=Document&subtype=2&recno=3456061&VerID=3254109;Endret bruk;23.07.2025;28.11.2025;Tiltak: Midlertidig utvidelse og bruksendring av avkjørsel;Privat;Privat;POINT(233057.672 7074206.932);Ørland;5057;FV6404 S1D1 m1607;280;8;60;Lite streng;E - Lokale adkomstveger;12;0
608154170;Bolig;202522248;21.05.2025;https://trondelag.public360online.com/locator/DMS/Document/Details/Simplified/2?module=Document&subtype=2&recno=3456061&VerID=3254109;Endret bruk;23.07.2025;28.11.2025;Tiltak: Midlertidig utvidelse og bruksendring av avkjørsel;Privat;Privat;POINT(235236.528 7074316.372);Ørland;5057;FV6408 S1D1 m1024;2770;9;50;Streng;C - Lokale hovedveger;17;12
607717949;Gardsbruk;202522248;21.05.2025;https://trondelag.public360online.com/locator/DMS/Document/Details/Simplified/2?module=Document&subtype=2&recno=3456061&VerID=3254109;Endret bruk;23.07.2025;28.11.2025;Tiltak: Midlertidig utvidelse og bruksendring av avkjørsel;Privat;Privat;POINT(233056.48 7074410.713);Ørland;5057;FV6404 S1D1 m1814;280;8;60;Lite streng;E - Lokale adkomstveger;11;0
1021230915;Industri;202451051-2;18.11.2024;https://trondelag.public360online.com/locator/DMS/Case/Details/Simplified/2?module=Case&subtype=2&recno=595075;Midlertidig tillatelse;19.11.2024;31.12.2024;;Privat;Privat;POINT(233318.475 7074498.709);Ørland;5057;FV6406 S1D1 m1639;247;20;80;Mindre streng;D - Lokale samleveger;5;0
1021230923;Industri;202451051-2;18.11.2024;https://trondelag.public360online.com/locator/DMS/Case/Details/Simplified/2?module=Case&subtype=2&recno=595075;Midlertidig tillatelse;19.11.2024;31.12.2024;;Privat;Privat;POINT(233308.288 7074521.229);Ørland;5057;FV6406 S1D1 m1661;247;20;80;Mindre streng;D - Lokale samleveger;5;0
1021230911;Service;202451051-2;18.11.2024;https://trondelag.public360online.com/locator/DMS/Case/Details/Simplified/2?module=Case&subtype=2&recno=595075;Midlertidig tillatelse;19.11.2024;31.12.2024;;;;POINT(233035.305 7075188.319);Ørland;5057;FV6404 S1D1 m2600;280;8;60;Lite streng;E - Lokale adkomstveger;3;0
1019845398;Dyrkamark/jordbruk;202445172-2;10.09.2024;https://trondelag.public360online.com/locator/DMS/Case/Details/Simplified/2?module=Case&subtype=2&recno=589122;Varig tillatelse;18.09.2024;18.09.2027;Avkjørsel skal saneres når ny er etablert. ;;;POINT(237427.198 7075597.621);Ørland;5057;FV6392 S1D1 m427;1690;9;60;Mindre streng;D - Lokale samleveger;12;3
608267844;Bolig;202409720-3;12.02.2024;https://trondelag.public360online.com/locator/DMS/Case/Details/Simplified/2?module=Case&subtype=2&recno=553462;Utvidet bruk;02.09.2024;02.09.2027;;Privat;Privat;POINT(236290.056 7075785.876);Ørland;5057;FV6414 S1D1 m734;790;11;80;Lite streng;E - Lokale adkomstveger;9;0
608011022;Gardsbruk;202522248;21.05.2025;https://trondelag.public360online.com/locator/DMS/Document/Details/Simplified/2?module=Document&subtype=2&recno=3456061&VerID=3254109;Endret bruk;23.07.2025;28.11.2025;Tiltak: Midlertidig utvidelse og bruksendring av avkjørsel;Privat;Privat;POINT(232528.303 7076539.311);Ørland;5057;FV6406 S1D1 m3829;167;14;80;Mindre streng;D - Lokale samleveger;12;1
1022497102;Service;202517897-2;03.04.2025;https://trondelag.public360online.com/locator/DMS/Case/Details/Simplified/2?module=Case&subtype=2&recno=615825;Midlertidig tillatelse;03.04.2025;03.04.2028;;Privat;Privat;POINT(244524.942 7081348.448);Ørland;5057;FV6358 S1D1 m486;800;7;30;Lite streng;E - Lokale adkomstveger;8;2
1022497097;Service;202517897-2;03.04.2025;https://trondelag.public360online.com/locator/DMS/Case/Details/Simplified/2?module=Case&subtype=2&recno=615825;Midlertidig tillatelse;03.04.2025;03.04.2028;;Privat;Privat;POINT(244554.702 7081413.813);Ørland;5057;FV6358 S1D1 m557;800;7;30;Lite streng;E - Lokale adkomstveger;10;2
1022819966;Hytte;202522160;21.05.2025;https://trondelag.public360online.com/locator/DMS/Case/Details/Simplified/2?module=Case&subtype=2&recno=620109#;Varig tillatelse;23.05.2025;26.05.2028;;Privat;Privat;POINT(240109.002 7081580.204);Ørland;5057;FV6356 S1D1 m1661;400;10;60;Mindre streng;D - Lokale samleveger;9;2
1019426053;Gardsbruk;202433836-2;26.06.2024;https://trondelag.public360online.com/locator/DMS/Case/Details/Simplified/2?module=Case&subtype=2&recno=577751;Varig tillatelse;08.07.2024;08.07.2027;;Privat;Privat;POINT(249665.354 7094119.57);Ørland;5057;FV6348 S1D1 m1453;140;9;50;Lite streng;E - Lokale adkomstveger;16;0
1019733621;Industri;202442636-2;22.08.2024;https://trondelag.public360online.com/locator/DMS/Case/Details/Simplified/2?module=Case&subtype=2&recno=586582;Midlertidig tillatelse;28.08.2024;01.09.2025;;Privat;Privat;POINT(267104.174 7095699.413);Åfjord;5058;FV715 S11D1 m2532;1170;15;80;Streng;B - Regionale hovedveger;5;8
603835044;Bolig;202510818-3 ;20.02.2025;https://trondelag.public360online.com/locator/DMS/Case/Details/Simplified/2?module=Case&subtype=2&recno=608712;Utvidet bruk;11.03.2025;11.03.2028;;Privat;Privat;POINT(259813.359 7100342.915);Åfjord;5058;FV6324 S1D1 m7293;500;11;80;Lite streng;E - Lokale adkomstveger;3;1
1024619900;Bolig;202524033;02.07.2025;https://trondelag.public360online.com/locator/DMS/Case/Details/Simplified/2?module=Case&subtype=2&recno=622029#;Varig tillatelse;07.07.2025;07.07.2028;;Privat;Privat;POINT(265528.854 7102118.885);Åfjord;5058;FV723 S1D1 m643;1370;12;60;Mindre streng;D - Lokale samleveger;11;4
1022496983;Industri;202514856-2;17.03.2025;https://trondelag.public360online.com/locator/DMS/Case/Details/Simplified/2?module=Case&subtype=2&recno=612765;Midlertidig tillatelse;17.03.2025;20.03.2023;;Privat;Privat;POINT(257771.167 7106624.207);Åfjord;5058;FV723 S2D1 m8595;1200;10;80;Mindre streng;D - Lokale samleveger;0;0
1019845317;Skog/skogbruk;202444788-2;09.09.2024;https://trondelag.public360online.com/locator/DMS/Case/Details/Simplified/2?module=Case&subtype=2&recno=588735;Midlertidig tillatelse;17.09.2024;30.01.2025;;Privat;Privat;POINT(228631.086 7004649.343);Orkland;5059;FV6502 S1D1 m923;470;8;80;Mindre streng;D - Lokale samleveger;10;0
715328731;Bolig;202441875;19.08.2024;https://trondelag.public360online.com/locator/DMS/Case/Details/Simplified/2?module=Case&subtype=2&recno=585821;Utvidet bruk;10.06.2025;;;Privat;Privat;POINT(228072.876 7005815.592);Orkland;5059;FV701 S1D1 m2070;1690;20;60;Streng;B - Regionale hovedveger;16;2
1022496817;Bolig;202510131-2;13.02.2025;https://trondelag.public360online.com/locator/DMS/Case/Details/Simplified/2?module=Case&subtype=2&recno=608023;Avslag;07.03.2025;07.03.2028;;;;POINT(226749.825 7008195.405);Orkland;5059;FV6496 S2D1 m11540;350;11;80;Lite streng;E - Lokale adkomstveger;15;0
619482531;Gardsbruk;202429636-2;21.05.2024;https://trondelag.public360online.com/locator/DMS/Case/Details/Simplified/2?module=Case&subtype=2&recno=573516;Utvidet bruk;29.05.2024;29.05.2027;;Privat;Privat;POINT(224573.293 7014558.585);Orkland;5059;FV6496 S2D1 m3646;350;11;80;Lite streng;E - Lokale adkomstveger;10;0
1022499960;Bolig;202518618-2 ;10.04.2025;https://trondelag.public360online.com/locator/DMS/Case/Details/Simplified/2?module=Case&subtype=2&recno=616546;Varig tillatelse;14.04.2025;14.04.2028;Gammel avkjørsel skal saneres. ;Privat;Privat;POINT(227300.964 7017436.581);Orkland;5059;FV6496 S1D1 m11554;450;11;80;Lite streng;E - Lokale adkomstveger;8;1
1021976575;Bolig;202450809-2;14.11.2024;https://trondelag.public360online.com/locator/DMS/Case/Details/Simplified/2?module=Case&subtype=2&recno=594833;Varig tillatelse;09.12.2024;09.12.2027;Tidligere avkjørsel til tomten skal stenges.;Privat;Privat;POINT(227846.013 7018833.904);Orkland;5059;FV6494 S1D1 m6529;350;11;50;Lite streng;E - Lokale adkomstveger;11;0
617080576;Bolig;202541320;18.09.2025;https://trondelag.public360online.com/locator/DMS/Case/Details/Simplified/2?module=Case&subtype=2&recno=639355#;Endret bruk;22.09.2025;;;Privat;Privat;POINT(235688.212 7027161.942);Orkland;5059;FV6480 S1D1 m4316;178;8;60;Mindre streng;D - Lokale samleveger;6;4
1019002882;Service;202412712-2;05.03.2025;https://trondelag.public360online.com/locator/DMS/Case/Details/Simplified/2?module=Case&subtype=2&recno=556511;Midlertidig tillatelse;13.03.2024;01.06.2024;;Privat;Privat;POINT(227147.366 7042455.161);Orkland;5059;FV714 S3D1 m2690;1600;22;80;Streng;B - Regionale hovedveger;0;1
1022497073;Skog/skogbruk;202517689-2 ;19.03.2025;https://trondelag.public360online.com/locator/DMS/Case/Details/Simplified/2?module=Case&subtype=2&recno=615617;Varig tillatelse;02.04.2025;02.04.2028;;Privat;Privat;POINT(329314.084 7189449.897);Nærøysund;5060;FV768 S1D1 m3870;866;8;80;Mindre streng;D - Lokale samleveger;6;1
1022274831;Dyrkamark/jordbruk;202506653-2;14.01.2025;https://trondelag.public360online.com/locator/DMS/Case/Details/Simplified/2?module=Case&subtype=2&recno=604531;Varig tillatelse;28.01.2025;28.01.2028;;Privat;Privat;POINT(328860.605 7194351.752);Nærøysund;5060;FV7120 S1D1 m3154;300;9;80;Lite streng;E - Lokale adkomstveger;11;0
1016361352;Bolig;202435243-2;08.07.2024;https://trondelag.public360online.com/locator/DMS/Case/Details/Simplified/2?module=Case&subtype=2&recno=579158;Avslag;06.09.2024;06.09.2027;Avslag på flytting av avkjørsel. ;;;POINT(339238.461 7197562.943);Nærøysund;5060;FV7108 S1D1 m320;1300;6;30;Lite streng;E - Lokale adkomstveger;21;0
1022497081;Gardsbruk;202516520-2 ;21.03.2025;https://trondelag.public360online.com/locator/DMS/Case/Details/Simplified/2?module=Case&subtype=2&recno=614431;Varig tillatelse;02.04.2025;02.04.2028;;Privat;Privat;POINT(325438.609 7204510.014);Nærøysund;5060;FV7086 S1D1 m4299;500;10;60;Mindre streng;D - Lokale samleveger;12;2
1018366642;Bolig;202340342-4;03.01.2024;https://trondelag.public360online.com/locator/DMS/Case/Details/Simplified/2?module=Case&subtype=2&recno=513158;Varig tillatelse;08.01.2024;08.01.2027;;Privat;Privat;POINT Z (347211.06 7210575.18 9.93);Nærøysund;5060;FV771 S2D1 m6797;400;13;60;Streng;C - Lokale hovedveger;12;0
1015574426;Bolig;202528530;21.07.2025;https://trondelag.public360online.com/locator/DMS/Case/Details/Simplified/2?module=Case&subtype=2&recno=626561#;Utvidet bruk;22.07.2025;;;Privat;Privat;POINT(216023.196 7009351.092);Rindal;5061;FV65 S5D1 m3797;1200;17;80;Streng;B - Regionale hovedveger;11;3